employee_id,date,hours_free
E001,2025-12-15,3
E002,2025-12-15,2
E003,2025-12-15,5
E004,2025-12-15,8
E005,2025-12-15,4
E006,2025-12-15,9
E007,2025-12-15,3
E008,2025-12-15,3
E009,2025-12-15,3
E010,2025-12-15,7
E011,2025-12-15,4
E012,2025-12-15,6
E013,2025-12-15,2
E014,2025-12-15,3
E015,2025-12-15,9
E016,2025-12-15,7
E017,2025-12-15,4
E018,2025-12-15,2
E019,2025-12-15,2
E020,2025-12-15,5
E021,2025-12-15,3
E022,2025-12-15,7
E023,2025-12-15,7
E024,2025-12-15,6
E025,2025-12-15,7
E026,2025-12-15,6
E027,2025-12-15,4
E028,2025-12-15,5
E029,2025-12-15,6
E030,2025-12-15,9
E031,2025-12-15,6
E032,2025-12-15,6
E033,2025-12-15,7
E034,2025-12-15,5
E035,2025-12-15,4
E036,2025-12-15,6
E037,2025-12-15,2
E038,2025-12-15,6
E039,2025-12-15,4
E040,2025-12-15,4
E001,2025-12-16,4
E002,2025-12-16,4
E003,2025-12-16,6
E004,2025-12-16,8
E005,2025-12-16,5
E006,2025-12-16,7
E007,2025-12-16,1
E008,2025-12-16,5
E009,2025-12-16,4
E010,2025-12-16,7
E011,2025-12-16,5
E012,2025-12-16,5
E013,2025-12-16,0
E014,2025-12-16,5
E015,2025-12-16,9
E016,2025-12-16,8
E017,2025-12-16,4
E018,2025-12-16,3
E019,2025-12-16,3
E020,2025-12-16,6
E021,2025-12-16,4
E022,2025-12-16,2
E023,2025-12-16,9
E024,2025-12-16,7
E025,2025-12-16,8
E026,2025-12-16,6
E027,2025-12-16,6
E028,2025-12-16,6
E029,2025-12-16,6
E030,2025-12-16,8
E031,2025-12-16,8
E032,2025-12-16,7
E033,2025-12-16,7
E034,2025-12-16,9
E035,2025-12-16,5
E036,2025-12-16,6
E037,2025-12-16,3
E038,2025-12-16,5
E039,2025-12-16,4
E040,2025-12-16,6
E001,2025-12-17,4
E002,2025-12-17,5
E003,2025-12-17,1
E004,2025-12-17,8
E005,2025-12-17,5
E006,2025-12-17,7
E007,2025-12-17,4
E008,2025-12-17,4
E009,2025-12-17,4
E010,2025-12-17,7
E011,2025-12-17,5
E012,2025-12-17,6
E013,2025-12-17,2
E014,2025-12-17,4
E015,2025-12-17,9
E016,2025-12-17,8
E017,2025-12-17,8
E018,2025-12-17,3
E019,2025-12-17,2
E020,2025-12-17,5
E021,2025-12-17,5
E022,2025-12-17,6
E023,2025-12-17,8
E024,2025-12-17,7
E025,2025-12-17,8
E026,2025-12-17,6
E027,2025-12-17,6
E028,2025-12-17,6
E029,2025-12-17,7
E030,2025-12-17,8
E031,2025-12-17,8
E032,2025-12-17,7
E033,2025-12-17,7
E034,2025-12-17,6
E035,2025-12-17,5
E036,2025-12-17,7
E037,2025-12-17,3
E038,2025-12-17,5
E039,2025-12-17,4
E040,2025-12-17,6
E001,2025-12-18,3
E002,2025-12-18,4
E003,2025-12-18,5
E004,2025-12-18,7
E005,2025-12-18,5
E006,2025-12-18,6
E007,2025-12-18,3
E008,2025-12-18,4
E009,2025-12-18,3
E010,2025-12-18,8
E011,2025-12-18,6
E012,2025-12-18,6
E013,2025-12-18,2
E014,2025-12-18,4
E015,2025-12-18,8
E016,2025-12-18,8
E017,2025-12-18,6
E018,2025-12-18,3
E019,2025-12-18,2
E020,2025-12-18,5
E021,2025-12-18,4
E022,2025-12-18,7
E023,2025-12-18,3
E024,2025-12-18,7
E025,2025-12-18,8
E026,2025-12-18,6
E027,2025-12-18,4
E028,2025-12-18,6
E029,2025-12-18,5
E030,2025-12-18,7
E031,2025-12-18,8
E032,2025-12-18,6
E033,2025-12-18,8
E034,2025-12-18,6
E035,2025-12-18,4
E036,2025-12-18,6
E037,2025-12-18,3
E038,2025-12-18,5
E039,2025-12-18,4
E040,2025-12-18,6
E001,2025-12-19,3
E002,2025-12-19,3
E003,2025-12-19,5
E004,2025-12-19,7
E005,2025-12-19,3
E006,2025-12-19,6
E007,2025-12-19,3
E008,2025-12-19,4
E009,2025-12-19,3
E010,2025-12-19,7
E011,2025-12-19,5
E012,2025-12-19,5
E013,2025-12-19,0
E014,2025-12-19,4
E015,2025-12-19,8
E016,2025-12-19,7
E017,2025-12-19,3
E018,2025-12-19,2
E019,2025-12-19,5
E020,2025-12-19,5
E021,2025-12-19,3
E022,2025-12-19,5
E023,2025-12-19,3
E024,2025-12-19,7
E025,2025-12-19,10
E026,2025-12-19,5
E027,2025-12-19,4
E028,2025-12-19,4
E029,2025-12-19,6
E030,2025-12-19,6
E031,2025-12-19,7
E032,2025-12-19,5
E033,2025-12-19,7
E034,2025-12-19,5
E035,2025-12-19,3
E036,2025-12-19,6
E037,2025-12-19,3
E038,2025-12-19,0
E039,2025-12-19,3
E040,2025-12-19,4
E001,2025-12-20,1
E002,2025-12-20,0
E003,2025-12-20,1
E004,2025-12-20,0
E005,2025-12-20,1
E006,2025-12-20,0
E007,2025-12-20,0
E008,2025-12-20,0
E009,2025-12-20,0
E010,2025-12-20,1
E011,2025-12-20,1
E012,2025-12-20,0
E013,2025-12-20,0
E014,2025-12-20,0
E015,2025-12-20,0
E016,2025-12-20,0
E017,2025-12-20,1
E018,2025-12-20,0
E019,2025-12-20,1
E020,2025-12-20,0
E021,2025-12-20,2
E022,2025-12-20,0
E023,2025-12-20,0
E024,2025-12-20,0
E025,2025-12-20,1
E026,2025-12-20,0
E027,2025-12-20,0
E028,2025-12-20,0
E029,2025-12-20,0
E030,2025-12-20,0
E031,2025-12-20,0
E032,2025-12-20,0
E033,2025-12-20,1
E034,2025-12-20,0
E035,2025-12-20,0
E036,2025-12-20,0
E037,2025-12-20,0
E038,2025-12-20,0
E039,2025-12-20,0
E040,2025-12-20,1
E001,2025-12-21,1
E002,2025-12-21,1
E003,2025-12-21,0
E004,2025-12-21,1
E005,2025-12-21,0
E006,2025-12-21,0
E007,2025-12-21,0
E008,2025-12-21,0
E009,2025-12-21,1
E010,2025-12-21,0
E011,2025-12-21,0
E012,2025-12-21,0
E013,2025-12-21,0
E014,2025-12-21,0
E015,2025-12-21,0
E016,2025-12-21,0
E017,2025-12-21,0
E018,2025-12-21,1
E019,2025-12-21,0
E020,2025-12-21,1
E021,2025-12-21,1
E022,2025-12-21,0
E023,2025-12-21,0
E024,2025-12-21,0
E025,2025-12-21,0
E026,2025-12-21,0
E027,2025-12-21,0
E028,2025-12-21,0
E029,2025-12-21,0
E030,2025-12-21,0
E031,2025-12-21,0
E032,2025-12-21,0
E033,2025-12-21,1
E034,2025-12-21,0
E035,2025-12-21,0
E036,2025-12-21,0
E037,2025-12-21,0
E038,2025-12-21,0
E039,2025-12-21,0
E040,2025-12-21,0
E001,2025-12-22,0
E002,2025-12-22,2
E003,2025-12-22,5
E004,2025-12-22,8
E005,2025-12-22,4
E006,2025-12-22,6
E007,2025-12-22,3
E008,2025-12-22,3
E009,2025-12-22,3
E010,2025-12-22,7
E011,2025-12-22,4
E012,2025-12-22,6
E013,2025-12-22,2
E014,2025-12-22,3
E015,2025-12-22,9
E016,2025-12-22,7
E017,2025-12-22,4
E018,2025-12-22,2
E019,2025-12-22,2
E020,2025-12-22,5
E021,2025-12-22,1
E022,2025-12-22,7
E023,2025-12-22,7
E024,2025-12-22,6
E025,2025-12-22,7
E026,2025-12-22,8
E027,2025-12-22,4
E028,2025-12-22,5
E029,2025-12-22,5
E030,2025-12-22,6
E031,2025-12-22,6
E032,2025-12-22,6
E033,2025-12-22,9
E034,2025-12-22,5
E035,2025-12-22,4
E036,2025-12-22,6
E037,2025-12-22,2
E038,2025-12-22,5
E039,2025-12-22,0
E040,2025-12-22,4
E001,2025-12-23,4
E002,2025-12-23,4
E003,2025-12-23,6
E004,2025-12-23,8
E005,2025-12-23,5
E006,2025-12-23,7
E007,2025-12-23,1
E008,2025-12-23,5
E009,2025-12-23,4
E010,2025-12-23,10
E011,2025-12-23,5
E012,2025-12-23,5
E013,2025-12-23,2
E014,2025-12-23,5
E015,2025-12-23,9
E016,2025-12-23,6
E017,2025-12-23,4
E018,2025-12-23,3
E019,2025-12-23,3
E020,2025-12-23,3
E021,2025-12-23,7
E022,2025-12-23,7
E023,2025-12-23,9
E024,2025-12-23,7
E025,2025-12-23,8
E026,2025-12-23,6
E027,2025-12-23,6
E028,2025-12-23,6
E029,2025-12-23,6
E030,2025-12-23,8
E031,2025-12-23,8
E032,2025-12-23,7
E033,2025-12-23,7
E034,2025-12-23,6
E035,2025-12-23,1
E036,2025-12-23,6
E037,2025-12-23,3
E038,2025-12-23,5
E039,2025-12-23,4
E040,2025-12-23,9
E001,2025-12-24,4
E002,2025-12-24,3
E003,2025-12-24,5
E004,2025-12-24,9
E005,2025-12-24,5
E006,2025-12-24,7
E007,2025-12-24,4
E008,2025-12-24,4
E009,2025-12-24,4
E010,2025-12-24,7
E011,2025-12-24,5
E012,2025-12-24,6
E013,2025-12-24,2
E014,2025-12-24,4
E015,2025-12-24,9
E016,2025-12-24,8
E017,2025-12-24,5
E018,2025-12-24,3
E019,2025-12-24,2
E020,2025-12-24,5
E021,2025-12-24,5
E022,2025-12-24,6
E023,2025-12-24,8
E024,2025-12-24,7
E025,2025-12-24,8
E026,2025-12-24,6
E027,2025-12-24,1
E028,2025-12-24,6
E029,2025-12-24,7
E030,2025-12-24,8
E031,2025-12-24,8
E032,2025-12-24,7
E033,2025-12-24,7
E034,2025-12-24,6
E035,2025-12-24,5
E036,2025-12-24,5
E037,2025-12-24,3
E038,2025-12-24,5
E039,2025-12-24,4
E040,2025-12-24,6
E001,2025-12-25,3
E002,2025-12-25,4
E003,2025-12-25,5
E004,2025-12-25,7
E005,2025-12-25,5
E006,2025-12-25,6
E007,2025-12-25,3
E008,2025-12-25,4
E009,2025-12-25,3
E010,2025-12-25,8
E011,2025-12-25,7
E012,2025-12-25,6
E013,2025-12-25,2
E014,2025-12-25,4
E015,2025-12-25,10
E016,2025-12-25,8
E017,2025-12-25,4
E018,2025-12-25,3
E019,2025-12-25,2
E020,2025-12-25,5
E021,2025-12-25,4
E022,2025-12-25,7
E023,2025-12-25,7
E024,2025-12-25,7
E025,2025-12-25,8
E026,2025-12-25,6
E027,2025-12-25,4
E028,2025-12-25,6
E029,2025-12-25,5
E030,2025-12-25,7
E031,2025-12-25,8
E032,2025-12-25,6
E033,2025-12-25,8
E034,2025-12-25,6
E035,2025-12-25,4
E036,2025-12-25,6
E037,2025-12-25,3
E038,2025-12-25,7
E039,2025-12-25,4
E040,2025-12-25,6
E001,2025-12-26,3
E002,2025-12-26,3
E003,2025-12-26,5
E004,2025-12-26,7
E005,2025-12-26,3
E006,2025-12-26,6
E007,2025-12-26,3
E008,2025-12-26,4
E009,2025-12-26,3
E010,2025-12-26,7
E011,2025-12-26,5
E012,2025-12-26,5
E013,2025-12-26,0
E014,2025-12-26,5
E015,2025-12-26,8
E016,2025-12-26,7
E017,2025-12-26,3
E018,2025-12-26,2
E019,2025-12-26,2
E020,2025-12-26,5
E021,2025-12-26,3
E022,2025-12-26,5
E023,2025-12-26,8
E024,2025-12-26,7
E025,2025-12-26,7
E026,2025-12-26,5
E027,2025-12-26,0
E028,2025-12-26,4
E029,2025-12-26,6
E030,2025-12-26,6
E031,2025-12-26,6
E032,2025-12-26,5
E033,2025-12-26,7
E034,2025-12-26,5
E035,2025-12-26,3
E036,2025-12-26,6
E037,2025-12-26,3
E038,2025-12-26,4
E039,2025-12-26,3
E040,2025-12-26,4
E001,2025-12-27,1
E002,2025-12-27,0
E003,2025-12-27,1
E004,2025-12-27,0
E005,2025-12-27,1
E006,2025-12-27,0
E007,2025-12-27,0
E008,2025-12-27,0
E009,2025-12-27,0
E010,2025-12-27,1
E011,2025-12-27,1
E012,2025-12-27,0
E013,2025-12-27,0
E014,2025-12-27,0
E015,2025-12-27,0
E016,2025-12-27,0
E017,2025-12-27,1
E018,2025-12-27,3
E019,2025-12-27,1
E020,2025-12-27,0
E021,2025-12-27,2
E022,2025-12-27,0
E023,2025-12-27,0
E024,2025-12-27,0
E025,2025-12-27,1
E026,2025-12-27,0
E027,2025-12-27,0
E028,2025-12-27,0
E029,2025-12-27,0
E030,2025-12-27,0
E031,2025-12-27,0
E032,2025-12-27,0
E033,2025-12-27,1
E034,2025-12-27,0
E035,2025-12-27,0
E036,2025-12-27,0
E037,2025-12-27,1
E038,2025-12-27,0
E039,2025-12-27,2
E040,2025-12-27,1
E001,2025-12-28,1
E002,2025-12-28,3
E003,2025-12-28,0
E004,2025-12-28,1
E005,2025-12-28,0
E006,2025-12-28,0
E007,2025-12-28,0
E008,2025-12-28,0
E009,2025-12-28,1
E010,2025-12-28,0
E011,2025-12-28,0
E012,2025-12-28,0
E013,2025-12-28,0
E014,2025-12-28,0
E015,2025-12-28,0
E016,2025-12-28,0
E017,2025-12-28,0
E018,2025-12-28,1
E019,2025-12-28,0
E020,2025-12-28,1
E021,2025-12-28,4
E022,2025-12-28,0
E023,2025-12-28,0
E024,2025-12-28,0
E025,2025-12-28,0
E026,2025-12-28,0
E027,2025-12-28,0
E028,2025-12-28,0
E029,2025-12-28,0
E030,2025-12-28,0
E031,2025-12-28,0
E032,2025-12-28,0
E033,2025-12-28,1
E034,2025-12-28,0
E035,2025-12-28,0
E036,2025-12-28,0
E037,2025-12-28,0
E038,2025-12-28,0
E039,2025-12-28,0
E040,2025-12-28,0
E001,2025-12-29,3
E002,2025-12-29,2
E003,2025-12-29,5
E004,2025-12-29,8
E005,2025-12-29,4
E006,2025-12-29,6
E007,2025-12-29,3
E008,2025-12-29,0
E009,2025-12-29,3
E010,2025-12-29,3
E011,2025-12-29,4
E012,2025-12-29,6
E013,2025-12-29,2
E014,2025-12-29,3
E015,2025-12-29,9
E016,2025-12-29,7
E017,2025-12-29,4
E018,2025-12-29,2
E019,2025-12-29,2
E020,2025-12-29,5
E021,2025-12-29,3
E022,2025-12-29,7
E023,2025-12-29,7
E024,2025-12-29,6
E025,2025-12-29,7
E026,2025-12-29,6
E027,2025-12-29,4
E028,2025-12-29,5
E029,2025-12-29,6
E030,2025-12-29,9
E031,2025-12-29,6
E032,2025-12-29,7
E033,2025-12-29,7
E034,2025-12-29,5
E035,2025-12-29,4
E036,2025-12-29,1
E037,2025-12-29,2
E038,2025-12-29,5
E039,2025-12-29,4
E040,2025-12-29,4
E001,2025-12-30,4
E002,2025-12-30,4
E003,2025-12-30,6
E004,2025-12-30,8
E005,2025-12-30,5
E006,2025-12-30,7
E007,2025-12-30,3
E008,2025-12-30,5
E009,2025-12-30,4
E010,2025-12-30,7
E011,2025-12-30,5
E012,2025-12-30,5
E013,2025-12-30,2
E014,2025-12-30,5
E015,2025-12-30,9
E016,2025-12-30,8
E017,2025-12-30,4
E018,2025-12-30,3
E019,2025-12-30,3
E020,2025-12-30,6
E021,2025-12-30,4
E022,2025-12-30,7
E023,2025-12-30,9
E024,2025-12-30,7
E025,2025-12-30,8
E026,2025-12-30,6
E027,2025-12-30,6
E028,2025-12-30,3
E029,2025-12-30,6
E030,2025-12-30,8
E031,2025-12-30,8
E032,2025-12-30,7
E033,2025-12-30,7
E034,2025-12-30,6
E035,2025-12-30,5
E036,2025-12-30,6
E037,2025-12-30,3
E038,2025-12-30,5
E039,2025-12-30,4
E040,2025-12-30,6
E001,2025-12-31,4
E002,2025-12-31,3
E003,2025-12-31,5
E004,2025-12-31,8
E005,2025-12-31,5
E006,2025-12-31,7
E007,2025-12-31,4
E008,2025-12-31,4
E009,2025-12-31,4
E010,2025-12-31,7
E011,2025-12-31,5
E012,2025-12-31,6
E013,2025-12-31,2
E014,2025-12-31,2
E015,2025-12-31,9
E016,2025-12-31,8
E017,2025-12-31,5
E018,2025-12-31,0
E019,2025-12-31,2
E020,2025-12-31,5
E021,2025-12-31,8
E022,2025-12-31,9
E023,2025-12-31,8
E024,2025-12-31,2
E025,2025-12-31,8
E026,2025-12-31,6
E027,2025-12-31,5
E028,2025-12-31,6
E029,2025-12-31,7
E030,2025-12-31,8
E031,2025-12-31,8
E032,2025-12-31,7
E033,2025-12-31,7
E034,2025-12-31,6
E035,2025-12-31,5
E036,2025-12-31,6
E037,2025-12-31,3
E038,2025-12-31,5
E039,2025-12-31,4
E040,2025-12-31,6
E001,2026-01-01,3
E002,2026-01-01,4
E003,2026-01-01,5
E004,2026-01-01,7
E005,2026-01-01,5
E006,2026-01-01,6
E007,2026-01-01,0
E008,2026-01-01,4
E009,2026-01-01,3
E010,2026-01-01,8
E011,2026-01-01,6
E012,2026-01-01,6
E013,2026-01-01,2
E014,2026-01-01,4
E015,2026-01-01,8
E016,2026-01-01,8
E017,2026-01-01,4
E018,2026-01-01,3
E019,2026-01-01,2
E020,2026-01-01,1
E021,2026-01-01,4
E022,2026-01-01,7
E023,2026-01-01,7
E024,2026-01-01,7
E025,2026-01-01,8
E026,2026-01-01,6
E027,2026-01-01,4
E028,2026-01-01,6
E029,2026-01-01,5
E030,2026-01-01,7
E031,2026-01-01,8
E032,2026-01-01,6
E033,2026-01-01,8
E034,2026-01-01,6
E035,2026-01-01,4
E036,2026-01-01,6
E037,2026-01-01,0
E038,2026-01-01,5
E039,2026-01-01,4
E040,2026-01-01,6
E001,2026-01-02,3
E002,2026-01-02,3
E003,2026-01-02,5
E004,2026-01-02,7
E005,2026-01-02,3
E006,2026-01-02,6
E007,2026-01-02,3
E008,2026-01-02,4
E009,2026-01-02,3
E010,2026-01-02,7
E011,2026-01-02,5
E012,2026-01-02,5
E013,2026-01-02,0
E014,2026-01-02,4
E015,2026-01-02,8
E016,2026-01-02,7
E017,2026-01-02,3
E018,2026-01-02,2
E019,2026-01-02,2
E020,2026-01-02,5
E021,2026-01-02,3
E022,2026-01-02,5
E023,2026-01-02,6
E024,2026-01-02,7
E025,2026-01-02,7
E026,2026-01-02,5
E027,2026-01-02,4
E028,2026-01-02,4
E029,2026-01-02,6
E030,2026-01-02,6
E031,2026-01-02,6
E032,2026-01-02,5
E033,2026-01-02,7
E034,2026-01-02,5
E035,2026-01-02,3
E036,2026-01-02,6
E037,2026-01-02,3
E038,2026-01-02,4
E039,2026-01-02,3
E040,2026-01-02,7
E001,2026-01-03,1
E002,2026-01-03,0
E003,2026-01-03,3
E004,2026-01-03,0
E005,2026-01-03,1
E006,2026-01-03,0
E007,2026-01-03,0
E008,2026-01-03,0
E009,2026-01-03,0
E010,2026-01-03,1
E011,2026-01-03,1
E012,2026-01-03,0
E013,2026-01-03,0
E014,2026-01-03,0
E015,2026-01-03,0
E016,2026-01-03,0
E017,2026-01-03,2
E018,2026-01-03,0
E019,2026-01-03,1
E020,2026-01-03,0
E021,2026-01-03,2
E022,2026-01-03,0
E023,2026-01-03,0
E024,2026-01-03,0
E025,2026-01-03,0
E026,2026-01-03,1
E027,2026-01-03,0
E028,2026-01-03,0
E029,2026-01-03,0
E030,2026-01-03,0
E031,2026-01-03,0
E032,2026-01-03,0
E033,2026-01-03,1
E034,2026-01-03,0
E035,2026-01-03,0
E036,2026-01-03,0
E037,2026-01-03,0
E038,2026-01-03,0
E039,2026-01-03,0
E040,2026-01-03,1
E001,2026-01-04,1
E002,2026-01-04,1
E003,2026-01-04,0
E004,2026-01-04,1
E005,2026-01-04,0
E006,2026-01-04,0
E007,2026-01-04,0
E008,2026-01-04,0
E009,2026-01-04,2
E010,2026-01-04,0
E011,2026-01-04,0
E012,2026-01-04,0
E013,2026-01-04,0
E014,2026-01-04,0
E015,2026-01-04,0
E016,2026-01-04,0
E017,2026-01-04,0
E018,2026-01-04,1
E019,2026-01-04,0
E020,2026-01-04,1
E021,2026-01-04,1
E022,2026-01-04,3
E023,2026-01-04,0
E024,2026-01-04,0
E025,2026-01-04,0
E026,2026-01-04,2
E027,2026-01-04,0
E028,2026-01-04,0
E029,2026-01-04,0
E030,2026-01-04,0
E031,2026-01-04,0
E032,2026-01-04,0
E033,2026-01-04,1
E034,2026-01-04,0
E035,2026-01-04,0
E036,2026-01-04,0
E037,2026-01-04,0
E038,2026-01-04,0
E039,2026-01-04,0
E040,2026-01-04,0
E001,2026-01-05,3
E002,2026-01-05,2
E003,2026-01-05,5
E004,2026-01-05,8
E005,2026-01-05,4
E006,2026-01-05,6
E007,2026-01-05,3
E008,2026-01-05,3
E009,2026-01-05,3
E010,2026-01-05,7
E011,2026-01-05,4
E012,2026-01-05,6
E013,2026-01-05,5
E014,2026-01-05,3
E015,2026-01-05,9
E016,2026-01-05,7
E017,2026-01-05,4
E018,2026-01-05,2
E019,2026-01-05,2
E020,2026-01-05,5
E021,2026-01-05,3
E022,2026-01-05,7
E023,2026-01-05,3
E024,2026-01-05,8
E025,2026-01-05,7
E026,2026-01-05,6
E027,2026-01-05,4
E028,2026-01-05,5
E029,2026-01-05,6
E030,2026-01-05,6
E031,2026-01-05,6
E032,2026-01-05,6
E033,2026-01-05,7
E034,2026-01-05,0
E035,2026-01-05,4
E036,2026-01-05,8
E037,2026-01-05,2
E038,2026-01-05,5
E039,2026-01-05,4
E040,2026-01-05,4
E001,2026-01-06,4
E002,2026-01-06,4
E003,2026-01-06,6
E004,2026-01-06,8
E005,2026-01-06,8
E006,2026-01-06,7
E007,2026-01-06,3
E008,2026-01-06,5
E009,2026-01-06,4
E010,2026-01-06,7
E011,2026-01-06,5
E012,2026-01-06,5
E013,2026-01-06,2
E014,2026-01-06,5
E015,2026-01-06,9
E016,2026-01-06,8
E017,2026-01-06,0
E018,2026-01-06,3
E019,2026-01-06,3
E020,2026-01-06,6
E021,2026-01-06,4
E022,2026-01-06,7
E023,2026-01-06,9
E024,2026-01-06,3
E025,2026-01-06,8
E026,2026-01-06,6
E027,2026-01-06,6
E028,2026-01-06,6
E029,2026-01-06,5
E030,2026-01-06,6
E031,2026-01-06,8
E032,2026-01-06,7
E033,2026-01-06,7
E034,2026-01-06,6
E035,2026-01-06,5
E036,2026-01-06,6
E037,2026-01-06,3
E038,2026-01-06,5
E039,2026-01-06,4
E040,2026-01-06,6
E001,2026-01-07,4
E002,2026-01-07,3
E003,2026-01-07,5
E004,2026-01-07,8
E005,2026-01-07,5
E006,2026-01-07,8
E007,2026-01-07,4
E008,2026-01-07,4
E009,2026-01-07,4
E010,2026-01-07,7
E011,2026-01-07,5
E012,2026-01-07,6
E013,2026-01-07,0
E014,2026-01-07,4
E015,2026-01-07,9
E016,2026-01-07,8
E017,2026-01-07,5
E018,2026-01-07,3
E019,2026-01-07,2
E020,2026-01-07,5
E021,2026-01-07,6
E022,2026-01-07,6
E023,2026-01-07,8
E024,2026-01-07,7
E025,2026-01-07,8
E026,2026-01-07,6
E027,2026-01-07,5
E028,2026-01-07,6
E029,2026-01-07,7
E030,2026-01-07,8
E031,2026-01-07,8
E032,2026-01-07,7
E033,2026-01-07,7
E034,2026-01-07,6
E035,2026-01-07,5
E036,2026-01-07,2
E037,2026-01-07,3
E038,2026-01-07,5
E039,2026-01-07,4
E040,2026-01-07,6
E001,2026-01-08,3
E002,2026-01-08,4
E003,2026-01-08,1
E004,2026-01-08,9
E005,2026-01-08,0
E006,2026-01-08,6
E007,2026-01-08,3
E008,2026-01-08,4
E009,2026-01-08,3
E010,2026-01-08,8
E011,2026-01-08,6
E012,2026-01-08,6
E013,2026-01-08,2
E014,2026-01-08,4
E015,2026-01-08,8
E016,2026-01-08,8
E017,2026-01-08,4
E018,2026-01-08,3
E019,2026-01-08,2
E020,2026-01-08,5
E021,2026-01-08,4
E022,2026-01-08,7
E023,2026-01-08,7
E024,2026-01-08,7
E025,2026-01-08,8
E026,2026-01-08,6
E027,2026-01-08,4
E028,2026-01-08,6
E029,2026-01-08,5
E030,2026-01-08,9
E031,2026-01-08,8
E032,2026-01-08,6
E033,2026-01-08,4
E034,2026-01-08,8
E035,2026-01-08,4
E036,2026-01-08,6
E037,2026-01-08,3
E038,2026-01-08,5
E039,2026-01-08,4
E040,2026-01-08,6
E001,2026-01-09,3
E002,2026-01-09,3
E003,2026-01-09,5
E004,2026-01-09,7
E005,2026-01-09,3
E006,2026-01-09,6
E007,2026-01-09,3
E008,2026-01-09,4
E009,2026-01-09,3
E010,2026-01-09,7
E011,2026-01-09,5
E012,2026-01-09,5
E013,2026-01-09,0
E014,2026-01-09,4
E015,2026-01-09,8
E016,2026-01-09,7
E017,2026-01-09,3
E018,2026-01-09,2
E019,2026-01-09,2
E020,2026-01-09,5
E021,2026-01-09,5
E022,2026-01-09,5
E023,2026-01-09,6
E024,2026-01-09,7
E025,2026-01-09,7
E026,2026-01-09,5
E027,2026-01-09,4
E028,2026-01-09,4
E029,2026-01-09,6
E030,2026-01-09,6
E031,2026-01-09,6
E032,2026-01-09,5
E033,2026-01-09,7
E034,2026-01-09,5
E035,2026-01-09,3
E036,2026-01-09,6
E037,2026-01-09,3
E038,2026-01-09,4
E039,2026-01-09,3
E040,2026-01-09,0
E001,2026-01-10,1
E002,2026-01-10,0
E003,2026-01-10,1
E004,2026-01-10,0
E005,2026-01-10,1
E006,2026-01-10,0
E007,2026-01-10,0
E008,2026-01-10,0
E009,2026-01-10,0
E010,2026-01-10,1
E011,2026-01-10,1
E012,2026-01-10,0
E013,2026-01-10,0
E014,2026-01-10,0
E015,2026-01-10,0
E016,2026-01-10,0
E017,2026-01-10,1
E018,2026-01-10,0
E019,2026-01-10,1
E020,2026-01-10,0
E021,2026-01-10,2
E022,2026-01-10,0
E023,2026-01-10,0
E024,2026-01-10,0
E025,2026-01-10,0
E026,2026-01-10,0
E027,2026-01-10,0
E028,2026-01-10,0
E029,2026-01-10,0
E030,2026-01-10,0
E031,2026-01-10,0
E032,2026-01-10,0
E033,2026-01-10,1
E034,2026-01-10,0
E035,2026-01-10,1
E036,2026-01-10,0
E037,2026-01-10,0
E038,2026-01-10,0
E039,2026-01-10,0
E040,2026-01-10,1
E001,2026-01-11,1
E002,2026-01-11,1
E003,2026-01-11,0
E004,2026-01-11,1
E005,2026-01-11,1
E006,2026-01-11,0
E007,2026-01-11,0
E008,2026-01-11,0
E009,2026-01-11,1
E010,2026-01-11,0
E011,2026-01-11,0
E012,2026-01-11,0
E013,2026-01-11,0
E014,2026-01-11,0
E015,2026-01-11,0
E016,2026-01-11,0
E017,2026-01-11,0
E018,2026-01-11,1
E019,2026-01-11,0
E020,2026-01-11,2
E021,2026-01-11,1
E022,2026-01-11,0
E023,2026-01-11,0
E024,2026-01-11,0
E025,2026-01-11,0
E026,2026-01-11,0
E027,2026-01-11,0
E028,2026-01-11,0
E029,2026-01-11,0
E030,2026-01-11,0
E031,2026-01-11,0
E032,2026-01-11,0
E033,2026-01-11,1
E034,2026-01-11,0
E035,2026-01-11,0
E036,2026-01-11,0
E037,2026-01-11,0
E038,2026-01-11,0
E039,2026-01-11,0
E040,2026-01-11,0
E001,2026-01-12,3
E002,2026-01-12,2
E003,2026-01-12,5
E004,2026-01-12,8
E005,2026-01-12,4
E006,2026-01-12,6
E007,2026-01-12,3
E008,2026-01-12,3
E009,2026-01-12,3
E010,2026-01-12,7
E011,2026-01-12,4
E012,2026-01-12,6
E013,2026-01-12,2
E014,2026-01-12,3
E015,2026-01-12,9
E016,2026-01-12,7
E017,2026-01-12,4
E018,2026-01-12,2
E019,2026-01-12,2
E020,2026-01-12,5
E021,2026-01-12,3
E022,2026-01-12,7
E023,2026-01-12,7
E024,2026-01-12,6
E025,2026-01-12,9
E026,2026-01-12,6
E027,2026-01-12,4
E028,2026-01-12,5
E029,2026-01-12,8
E030,2026-01-12,6
E031,2026-01-12,2
E032,2026-01-12,6
E033,2026-01-12,7
E034,2026-01-12,5
E035,2026-01-12,4
E036,2026-01-12,6
E037,2026-01-12,2
E038,2026-01-12,5
E039,2026-01-12,4
E040,2026-01-12,4
E001,2026-01-13,4
E002,2026-01-13,4
E003,2026-01-13,6
E004,2026-01-13,8
E005,2026-01-13,5
E006,2026-01-13,7
E007,2026-01-13,1
E008,2026-01-13,5
E009,2026-01-13,4
E010,2026-01-13,7
E011,2026-01-13,1
E012,2026-01-13,5
E013,2026-01-13,2
E014,2026-01-13,5
E015,2026-01-13,9
E016,2026-01-13,9
E017,2026-01-13,4
E018,2026-01-13,3
E019,2026-01-13,3
E020,2026-01-13,6
E021,2026-01-13,2
E022,2026-01-13,7
E023,2026-01-13,9
E024,2026-01-13,7
E025,2026-01-13,8
E026,2026-01-13,6
E027,2026-01-13,6
E028,2026-01-13,6
E029,2026-01-13,6
E030,2026-01-13,10
E031,2026-01-13,8
E032,2026-01-13,7
E033,2026-01-13,7
E034,2026-01-13,6
E035,2026-01-13,5
E036,2026-01-13,6
E037,2026-01-13,3
E038,2026-01-13,5
E039,2026-01-13,4
E040,2026-01-13,6
E001,2026-01-14,4
E002,2026-01-14,5
E003,2026-01-14,5
E004,2026-01-14,8
E005,2026-01-14,2
E006,2026-01-14,7
E007,2026-01-14,4
E008,2026-01-14,4
E009,2026-01-14,4
E010,2026-01-14,7
E011,2026-01-14,5
E012,2026-01-14,6
E013,2026-01-14,2
E014,2026-01-14,4
E015,2026-01-14,9
E016,2026-01-14,8
E017,2026-01-14,5
E018,2026-01-14,3
E019,2026-01-14,2
E020,2026-01-14,5
E021,2026-01-14,5
E022,2026-01-14,6
E023,2026-01-14,8
E024,2026-01-14,7
E025,2026-01-14,8
E026,2026-01-14,6
E027,2026-01-14,5
E028,2026-01-14,6
E029,2026-01-14,7
E030,2026-01-14,8
E031,2026-01-14,8
E032,2026-01-14,7
E033,2026-01-14,7
E034,2026-01-14,6
E035,2026-01-14,5
E036,2026-01-14,5
E037,2026-01-14,3
E038,2026-01-14,8
E039,2026-01-14,4
E040,2026-01-14,2
E001,2026-01-15,4
E002,2026-01-15,4
E003,2026-01-15,5
E004,2026-01-15,7
E005,2026-01-15,5
E006,2026-01-15,6
E007,2026-01-15,3
E008,2026-01-15,4
E009,2026-01-15,3
E010,2026-01-15,8
E011,2026-01-15,6
E012,2026-01-15,6
E013,2026-01-15,2
E014,2026-01-15,4
E015,2026-01-15,8
E016,2026-01-15,8
E017,2026-01-15,7
E018,2026-01-15,3
E019,2026-01-15,0
E020,2026-01-15,8
E021,2026-01-15,4
E022,2026-01-15,7
E023,2026-01-15,7
E024,2026-01-15,9
E025,2026-01-15,8
E026,2026-01-15,6
E027,2026-01-15,4
E028,2026-01-15,6
E029,2026-01-15,5
E030,2026-01-15,7
E031,2026-01-15,8
E032,2026-01-15,6
E033,2026-01-15,8
E034,2026-01-15,1
E035,2026-01-15,4
E036,2026-01-15,7
E037,2026-01-15,3
E038,2026-01-15,5
E039,2026-01-15,4
E040,2026-01-15,6
E001,2026-01-16,3
E002,2026-01-16,3
E003,2026-01-16,5
E004,2026-01-16,9
E005,2026-01-16,3
E006,2026-01-16,6
E007,2026-01-16,3
E008,2026-01-16,1
E009,2026-01-16,3
E010,2026-01-16,7
E011,2026-01-16,5
E012,2026-01-16,5
E013,2026-01-16,0
E014,2026-01-16,4
E015,2026-01-16,8
E016,2026-01-16,7
E017,2026-01-16,3
E018,2026-01-16,2
E019,2026-01-16,2
E020,2026-01-16,5
E021,2026-01-16,3
E022,2026-01-16,5
E023,2026-01-16,3
E024,2026-01-16,7
E025,2026-01-16,7
E026,2026-01-16,8
E027,2026-01-16,4
E028,2026-01-16,4
E029,2026-01-16,6
E030,2026-01-16,6
E031,2026-01-16,6
E032,2026-01-16,5
E033,2026-01-16,7
E034,2026-01-16,5
E035,2026-01-16,3
E036,2026-01-16,3
E037,2026-01-16,3
E038,2026-01-16,4
E039,2026-01-16,3
E040,2026-01-16,4
E001,2026-01-17,1
E002,2026-01-17,0
E003,2026-01-17,1
E004,2026-01-17,0
E005,2026-01-17,1
E006,2026-01-17,2
E007,2026-01-17,0
E008,2026-01-17,0
E009,2026-01-17,0
E010,2026-01-17,1
E011,2026-01-17,1
E012,2026-01-17,0
E013,2026-01-17,0
E014,2026-01-17,0
E015,2026-01-17,0
E016,2026-01-17,0
E017,2026-01-17,1
E018,2026-01-17,0
E019,2026-01-17,1
E020,2026-01-17,0
E021,2026-01-17,0
E022,2026-01-17,0
E023,2026-01-17,0
E024,2026-01-17,0
E025,2026-01-17,1
E026,2026-01-17,0
E027,2026-01-17,0
E028,2026-01-17,0
E029,2026-01-17,0
E030,2026-01-17,0
E031,2026-01-17,0
E032,2026-01-17,0
E033,2026-01-17,1
E034,2026-01-17,0
E035,2026-01-17,0
E036,2026-01-17,0
E037,2026-01-17,0
E038,2026-01-17,0
E039,2026-01-17,0
E040,2026-01-17,1
E001,2026-01-18,1
E002,2026-01-18,1
E003,2026-01-18,0
E004,2026-01-18,1
E005,2026-01-18,0
E006,2026-01-18,0
E007,2026-01-18,0
E008,2026-01-18,0
E009,2026-01-18,1
E010,2026-01-18,0
E011,2026-01-18,0
E012,2026-01-18,0
E013,2026-01-18,0
E014,2026-01-18,0
E015,2026-01-18,0
E016,2026-01-18,0
E017,2026-01-18,0
E018,2026-01-18,1
E019,2026-01-18,0
E020,2026-01-18,1
E021,2026-01-18,1
E022,2026-01-18,0
E023,2026-01-18,0
E024,2026-01-18,0
E025,2026-01-18,0
E026,2026-01-18,0
E027,2026-01-18,0
E028,2026-01-18,0
E029,2026-01-18,0
E030,2026-01-18,0
E031,2026-01-18,0
E032,2026-01-18,0
E033,2026-01-18,1
E034,2026-01-18,0
E035,2026-01-18,0
E036,2026-01-18,0
E037,2026-01-18,0
E038,2026-01-18,0
E039,2026-01-18,0
E040,2026-01-18,0
E001,2026-01-19,3
E002,2026-01-19,2
E003,2026-01-19,5
E004,2026-01-19,4
E005,2026-01-19,4
E006,2026-01-19,6
E007,2026-01-19,3
E008,2026-01-19,3
E009,2026-01-19,3
E010,2026-01-19,7
E011,2026-01-19,4
E012,2026-01-19,6
E013,2026-01-19,2
E014,2026-01-19,3
E015,2026-01-19,9
E016,2026-01-19,7
E017,2026-01-19,4
E018,2026-01-19,2
E019,2026-01-19,2
E020,2026-01-19,5
E021,2026-01-19,3
E022,2026-01-19,3
E023,2026-01-19,7
E024,2026-01-19,6
E025,2026-01-19,7
E026,2026-01-19,6
E027,2026-01-19,4
E028,2026-01-19,5
E029,2026-01-19,6
E030,2026-01-19,6
E031,2026-01-19,3
E032,2026-01-19,6
E033,2026-01-19,7
E034,2026-01-19,5
E035,2026-01-19,4
E036,2026-01-19,6
E037,2026-01-19,2
E038,2026-01-19,5
E039,2026-01-19,4
E040,2026-01-19,4
E001,2026-01-20,7
E002,2026-01-20,4
E003,2026-01-20,6
E004,2026-01-20,8
E005,2026-01-20,5
E006,2026-01-20,7
E007,2026-01-20,6
E008,2026-01-20,8
E009,2026-01-20,4
E010,2026-01-20,7
E011,2026-01-20,5
E012,2026-01-20,5
E013,2026-01-20,2
E014,2026-01-20,5
E015,2026-01-20,9
E016,2026-01-20,8
E017,2026-01-20,4
E018,2026-01-20,3
E019,2026-01-20,3
E020,2026-01-20,6
E021,2026-01-20,4
E022,2026-01-20,7
E023,2026-01-20,9
E024,2026-01-20,10
E025,2026-01-20,8
E026,2026-01-20,6
E027,2026-01-20,6
E028,2026-01-20,6
E029,2026-01-20,6
E030,2026-01-20,8
E031,2026-01-20,8
E032,2026-01-20,7
E033,2026-01-20,7
E034,2026-01-20,6
E035,2026-01-20,5
E036,2026-01-20,6
E037,2026-01-20,3
E038,2026-01-20,5
E039,2026-01-20,4
E040,2026-01-20,6
E001,2026-01-21,4
E002,2026-01-21,3
E003,2026-01-21,5
E004,2026-01-21,8
E005,2026-01-21,5
E006,2026-01-21,7
E007,2026-01-21,4
E008,2026-01-21,4
E009,2026-01-21,4
E010,2026-01-21,7
E011,2026-01-21,5
E012,2026-01-21,6
E013,2026-01-21,2
E014,2026-01-21,4
E015,2026-01-21,9
E016,2026-01-21,8
E017,2026-01-21,5
E018,2026-01-21,3
E019,2026-01-21,2
E020,2026-01-21,7
E021,2026-01-21,5
E022,2026-01-21,6
E023,2026-01-21,8
E024,2026-01-21,7
E025,2026-01-21,8
E026,2026-01-21,6
E027,2026-01-21,5
E028,2026-01-21,6
E029,2026-01-21,7
E030,2026-01-21,8
E031,2026-01-21,8
E032,2026-01-21,7
E033,2026-01-21,7
E034,2026-01-21,6
E035,2026-01-21,5
E036,2026-01-21,6
E037,2026-01-21,3
E038,2026-01-21,5
E039,2026-01-21,7
E040,2026-01-21,6
E001,2026-01-22,3
E002,2026-01-22,4
E003,2026-01-22,5
E004,2026-01-22,7
E005,2026-01-22,5
E006,2026-01-22,6
E007,2026-01-22,3
E008,2026-01-22,4
E009,2026-01-22,3
E010,2026-01-22,8
E011,2026-01-22,6
E012,2026-01-22,6
E013,2026-01-22,2
E014,2026-01-22,4
E015,2026-01-22,8
E016,2026-01-22,8
E017,2026-01-22,4
E018,2026-01-22,3
E019,2026-01-22,3
E020,2026-01-22,5
E021,2026-01-22,4
E022,2026-01-22,7
E023,2026-01-22,7
E024,2026-01-22,7
E025,2026-01-22,8
E026,2026-01-22,6
E027,2026-01-22,4
E028,2026-01-22,6
E029,2026-01-22,5
E030,2026-01-22,7
E031,2026-01-22,8
E032,2026-01-22,6
E033,2026-01-22,8
E034,2026-01-22,6
E035,2026-01-22,4
E036,2026-01-22,6
E037,2026-01-22,0
E038,2026-01-22,5
E039,2026-01-22,4
E040,2026-01-22,6
E001,2026-01-23,3
E002,2026-01-23,3
E003,2026-01-23,8
E004,2026-01-23,7
E005,2026-01-23,6
E006,2026-01-23,6
E007,2026-01-23,3
E008,2026-01-23,4
E009,2026-01-23,3
E010,2026-01-23,7
E011,2026-01-23,5
E012,2026-01-23,5
E013,2026-01-23,0
E014,2026-01-23,7
E015,2026-01-23,8
E016,2026-01-23,10
E017,2026-01-23,3
E018,2026-01-23,2
E019,2026-01-23,2
E020,2026-01-23,5
E021,2026-01-23,3
E022,2026-01-23,5
E023,2026-01-23,6
E024,2026-01-23,7
E025,2026-01-23,7
E026,2026-01-23,5
E027,2026-01-23,4
E028,2026-01-23,4
E029,2026-01-23,6
E030,2026-01-23,6
E031,2026-01-23,6
E032,2026-01-23,5
E033,2026-01-23,7
E034,2026-01-23,5
E035,2026-01-23,3
E036,2026-01-23,6
E037,2026-01-23,3
E038,2026-01-23,4
E039,2026-01-23,3
E040,2026-01-23,4
E001,2026-01-24,1
E002,2026-01-24,0
E003,2026-01-24,1
E004,2026-01-24,3
E005,2026-01-24,1
E006,2026-01-24,0
E007,2026-01-24,0
E008,2026-01-24,0
E009,2026-01-24,0
E010,2026-01-24,1
E011,2026-01-24,1
E012,2026-01-24,0
E013,2026-01-24,3
E014,2026-01-24,0
E015,2026-01-24,0
E016,2026-01-24,0
E017,2026-01-24,1
E018,2026-01-24,0
E019,2026-01-24,1
E020,2026-01-24,0
E021,2026-01-24,2
E022,2026-01-24,0
E023,2026-01-24,0
E024,2026-01-24,0
E025,2026-01-24,1
E026,2026-01-24,0
E027,2026-01-24,0
E028,2026-01-24,0
E029,2026-01-24,0
E030,2026-01-24,0
E031,2026-01-24,0
E032,2026-01-24,0
E033,2026-01-24,1
E034,2026-01-24,0
E035,2026-01-24,0
E036,2026-01-24,0
E037,2026-01-24,0
E038,2026-01-24,0
E039,2026-01-24,0
E040,2026-01-24,1
E001,2026-01-25,1
E002,2026-01-25,1
E003,2026-01-25,0
E004,2026-01-25,1
E005,2026-01-25,0
E006,2026-01-25,0
E007,2026-01-25,0
E008,2026-01-25,0
E009,2026-01-25,0
E010,2026-01-25,0
E011,2026-01-25,0
E012,2026-01-25,0
E013,2026-01-25,0
E014,2026-01-25,0
E015,2026-01-25,0
E016,2026-01-25,0
E017,2026-01-25,2
E018,2026-01-25,1
E019,2026-01-25,0
E020,2026-01-25,1
E021,2026-01-25,2
E022,2026-01-25,0
E023,2026-01-25,0
E024,2026-01-25,0
E025,2026-01-25,0
E026,2026-01-25,0
E027,2026-01-25,0
E028,2026-01-25,0
E029,2026-01-25,0
E030,2026-01-25,0
E031,2026-01-25,0
E032,2026-01-25,0
E033,2026-01-25,1
E034,2026-01-25,0
E035,2026-01-25,0
E036,2026-01-25,0
E037,2026-01-25,0
E038,2026-01-25,0
E039,2026-01-25,0
E040,2026-01-25,0
E001,2026-01-26,3
E002,2026-01-26,2
E003,2026-01-26,5
E004,2026-01-26,8
E005,2026-01-26,4
E006,2026-01-26,6
E007,2026-01-26,1
E008,2026-01-26,3
E009,2026-01-26,3
E010,2026-01-26,7
E011,2026-01-26,4
E012,2026-01-26,6
E013,2026-01-26,2
E014,2026-01-26,3
E015,2026-01-26,9
E016,2026-01-26,7
E017,2026-01-26,4
E018,2026-01-26,2
E019,2026-01-26,2
E020,2026-01-26,5
E021,2026-01-26,3
E022,2026-01-26,7
E023,2026-01-26,7
E024,2026-01-26,6
E025,2026-01-26,7
E026,2026-01-26,6
E027,2026-01-26,4
E028,2026-01-26,5
E029,2026-01-26,6
E030,2026-01-26,6
E031,2026-01-26,6
E032,2026-01-26,6
E033,2026-01-26,7
E034,2026-01-26,5
E035,2026-01-26,4
E036,2026-01-26,6
E037,2026-01-26,2
E038,2026-01-26,5
E039,2026-01-26,0
E040,2026-01-26,4
E001,2026-01-27,4
E002,2026-01-27,4
E003,2026-01-27,6
E004,2026-01-27,8
E005,2026-01-27,5
E006,2026-01-27,7
E007,2026-01-27,3
E008,2026-01-27,5
E009,2026-01-27,4
E010,2026-01-27,7
E011,2026-01-27,6
E012,2026-01-27,5
E013,2026-01-27,0
E014,2026-01-27,7
E015,2026-01-27,9
E016,2026-01-27,8
E017,2026-01-27,4
E018,2026-01-27,3
E019,2026-01-27,3
E020,2026-01-27,6
E021,2026-01-27,4
E022,2026-01-27,7
E023,2026-01-27,9
E024,2026-01-27,7
E025,2026-01-27,8
E026,2026-01-27,6
E027,2026-01-27,6
E028,2026-01-27,6
E029,2026-01-27,6
E030,2026-01-27,8
E031,2026-01-27,9
E032,2026-01-27,7
E033,2026-01-27,8
E034,2026-01-27,6
E035,2026-01-27,5
E036,2026-01-27,6
E037,2026-01-27,3
E038,2026-01-27,5
E039,2026-01-27,4
E040,2026-01-27,6
E001,2026-01-28,4
E002,2026-01-28,3
E003,2026-01-28,5
E004,2026-01-28,8
E005,2026-01-28,5
E006,2026-01-28,9
E007,2026-01-28,4
E008,2026-01-28,4
E009,2026-01-28,4
E010,2026-01-28,7
E011,2026-01-28,5
E012,2026-01-28,6
E013,2026-01-28,2
E014,2026-01-28,4
E015,2026-01-28,9
E016,2026-01-28,8
E017,2026-01-28,1
E018,2026-01-28,3
E019,2026-01-28,2
E020,2026-01-28,5
E021,2026-01-28,5
E022,2026-01-28,6
E023,2026-01-28,8
E024,2026-01-28,7
E025,2026-01-28,8
E026,2026-01-28,6
E027,2026-01-28,5
E028,2026-01-28,6
E029,2026-01-28,7
E030,2026-01-28,8
E031,2026-01-28,3
E032,2026-01-28,7
E033,2026-01-28,7
E034,2026-01-28,6
E035,2026-01-28,5
E036,2026-01-28,5
E037,2026-01-28,3
E038,2026-01-28,5
E039,2026-01-28,4
E040,2026-01-28,6
E001,2026-01-29,6
E002,2026-01-29,4
E003,2026-01-29,5
E004,2026-01-29,7
E005,2026-01-29,5
E006,2026-01-29,6
E007,2026-01-29,3
E008,2026-01-29,4
E009,2026-01-29,3
E010,2026-01-29,8
E011,2026-01-29,7
E012,2026-01-29,7
E013,2026-01-29,2
E014,2026-01-29,4
E015,2026-01-29,8
E016,2026-01-29,8
E017,2026-01-29,4
E018,2026-01-29,3
E019,2026-01-29,2
E020,2026-01-29,5
E021,2026-01-29,4
E022,2026-01-29,7
E023,2026-01-29,7
E024,2026-01-29,7
E025,2026-01-29,9
E026,2026-01-29,6
E027,2026-01-29,4
E028,2026-01-29,6
E029,2026-01-29,5
E030,2026-01-29,7
E031,2026-01-29,8
E032,2026-01-29,6
E033,2026-01-29,8
E034,2026-01-29,6
E035,2026-01-29,4
E036,2026-01-29,6
E037,2026-01-29,3
E038,2026-01-29,5
E039,2026-01-29,4
E040,2026-01-29,6
E001,2026-01-30,3
E002,2026-01-30,3
E003,2026-01-30,5
E004,2026-01-30,7
E005,2026-01-30,3
E006,2026-01-30,6
E007,2026-01-30,4
E008,2026-01-30,4
E009,2026-01-30,3
E010,2026-01-30,7
E011,2026-01-30,5
E012,2026-01-30,1
E013,2026-01-30,0
E014,2026-01-30,4
E015,2026-01-30,8
E016,2026-01-30,7
E017,2026-01-30,3
E018,2026-01-30,2
E019,2026-01-30,2
E020,2026-01-30,5
E021,2026-01-30,3
E022,2026-01-30,5
E023,2026-01-30,6
E024,2026-01-30,10
E025,2026-01-30,7
E026,2026-01-30,5
E027,2026-01-30,4
E028,2026-01-30,4
E029,2026-01-30,6
E030,2026-01-30,6
E031,2026-01-30,6
E032,2026-01-30,5
E033,2026-01-30,7
E034,2026-01-30,5
E035,2026-01-30,3
E036,2026-01-30,6
E037,2026-01-30,3
E038,2026-01-30,4
E039,2026-01-30,3
E040,2026-01-30,4
E001,2026-01-31,1
E002,2026-01-31,0
E003,2026-01-31,1
E004,2026-01-31,0
E005,2026-01-31,1
E006,2026-01-31,0
E007,2026-01-31,0
E008,2026-01-31,0
E009,2026-01-31,0
E010,2026-01-31,1
E011,2026-01-31,1
E012,2026-01-31,0
E013,2026-01-31,0
E014,2026-01-31,0
E015,2026-01-31,0
E016,2026-01-31,0
E017,2026-01-31,1
E018,2026-01-31,0
E019,2026-01-31,1
E020,2026-01-31,0
E021,2026-01-31,2
E022,2026-01-31,0
E023,2026-01-31,0
E024,2026-01-31,0
E025,2026-01-31,1
E026,2026-01-31,0
E027,2026-01-31,0
E028,2026-01-31,0
E029,2026-01-31,0
E030,2026-01-31,0
E031,2026-01-31,0
E032,2026-01-31,0
E033,2026-01-31,1
E034,2026-01-31,0
E035,2026-01-31,0
E036,2026-01-31,0
E037,2026-01-31,0
E038,2026-01-31,0
E039,2026-01-31,0
E040,2026-01-31,1
E001,2026-02-01,1
E002,2026-02-01,1
E003,2026-02-01,0
E004,2026-02-01,1
E005,2026-02-01,0
E006,2026-02-01,0
E007,2026-02-01,0
E008,2026-02-01,0
E009,2026-02-01,1
E010,2026-02-01,0
E011,2026-02-01,0
E012,2026-02-01,3
E013,2026-02-01,0
E014,2026-02-01,0
E015,2026-02-01,0
E016,2026-02-01,0
E017,2026-02-01,0
E018,2026-02-01,1
E019,2026-02-01,0
E020,2026-02-01,1
E021,2026-02-01,1
E022,2026-02-01,0
E023,2026-02-01,0
E024,2026-02-01,0
E025,2026-02-01,0
E026,2026-02-01,0
E027,2026-02-01,0
E028,2026-02-01,0
E029,2026-02-01,0
E030,2026-02-01,0
E031,2026-02-01,2
E032,2026-02-01,0
E033,2026-02-01,1
E034,2026-02-01,0
E035,2026-02-01,0
E036,2026-02-01,0
E037,2026-02-01,0
E038,2026-02-01,0
E039,2026-02-01,0
E040,2026-02-01,0
E001,2026-02-02,3
E002,2026-02-02,2
E003,2026-02-02,5
E004,2026-02-02,8
E005,2026-02-02,4
E006,2026-02-02,7
E007,2026-02-02,3
E008,2026-02-02,3
E009,2026-02-02,3
E010,2026-02-02,7
E011,2026-02-02,4
E012,2026-02-02,6
E013,2026-02-02,2
E014,2026-02-02,3
E015,2026-02-02,9
E016,2026-02-02,7
E017,2026-02-02,4
E018,2026-02-02,2
E019,2026-02-02,0
E020,2026-02-02,6
E021,2026-02-02,3
E022,2026-02-02,7
E023,2026-02-02,7
E024,2026-02-02,2
E025,2026-02-02,7
E026,2026-02-02,6
E027,2026-02-02,4
E028,2026-02-02,5
E029,2026-02-02,6
E030,2026-02-02,6
E031,2026-02-02,6
E032,2026-02-02,6
E033,2026-02-02,7
E034,2026-02-02,0
E035,2026-02-02,4
E036,2026-02-02,6
E037,2026-02-02,2
E038,2026-02-02,5
E039,2026-02-02,4
E040,2026-02-02,4
E001,2026-02-03,4
E002,2026-02-03,4
E003,2026-02-03,6
E004,2026-02-03,8
E005,2026-02-03,5
E006,2026-02-03,7
E007,2026-02-03,3
E008,2026-02-03,5
E009,2026-02-03,4
E010,2026-02-03,7
E011,2026-02-03,5
E012,2026-02-03,5
E013,2026-02-03,2
E014,2026-02-03,5
E015,2026-02-03,4
E016,2026-02-03,8
E017,2026-02-03,4
E018,2026-02-03,3
E019,2026-02-03,3
E020,2026-02-03,6
E021,2026-02-03,1
E022,2026-02-03,7
E023,2026-02-03,5
E024,2026-02-03,7
E025,2026-02-03,8
E026,2026-02-03,6
E027,2026-02-03,6
E028,2026-02-03,6
E029,2026-02-03,6
E030,2026-02-03,4
E031,2026-02-03,8
E032,2026-02-03,7
E033,2026-02-03,7
E034,2026-02-03,6
E035,2026-02-03,5
E036,2026-02-03,6
E037,2026-02-03,3
E038,2026-02-03,5
E039,2026-02-03,4
E040,2026-02-03,6
E001,2026-02-04,4
E002,2026-02-04,3
E003,2026-02-04,5
E004,2026-02-04,8
E005,2026-02-04,5
E006,2026-02-04,7
E007,2026-02-04,4
E008,2026-02-04,4
E009,2026-02-04,4
E010,2026-02-04,7
E011,2026-02-04,5
E012,2026-02-04,8
E013,2026-02-04,2
E014,2026-02-04,1
E015,2026-02-04,9
E016,2026-02-04,8
E017,2026-02-04,5
E018,2026-02-04,3
E019,2026-02-04,2
E020,2026-02-04,5
E021,2026-02-04,5
E022,2026-02-04,6
E023,2026-02-04,5
E024,2026-02-04,7
E025,2026-02-04,8
E026,2026-02-04,6
E027,2026-02-04,5
E028,2026-02-04,6
E029,2026-02-04,7
E030,2026-02-04,8
E031,2026-02-04,8
E032,2026-02-04,7
E033,2026-02-04,9
E034,2026-02-04,6
E035,2026-02-04,5
E036,2026-02-04,5
E037,2026-02-04,3
E038,2026-02-04,7
E039,2026-02-04,4
E040,2026-02-04,6
E001,2026-02-05,3
E002,2026-02-05,4
E003,2026-02-05,2
E004,2026-02-05,9
E005,2026-02-05,5
E006,2026-02-05,6
E007,2026-02-05,3
E008,2026-02-05,4
E009,2026-02-05,3
E010,2026-02-05,8
E011,2026-02-05,8
E012,2026-02-05,6
E013,2026-02-05,0
E014,2026-02-05,4
E015,2026-02-05,10
E016,2026-02-05,8
E017,2026-02-05,0
E018,2026-02-05,3
E019,2026-02-05,2
E020,2026-02-05,5
E021,2026-02-05,4
E022,2026-02-05,7
E023,2026-02-05,7
E024,2026-02-05,7
E025,2026-02-05,8
E026,2026-02-05,6
E027,2026-02-05,4
E028,2026-02-05,6
E029,2026-02-05,8
E030,2026-02-05,7
E031,2026-02-05,8
E032,2026-02-05,6
E033,2026-02-05,8
E034,2026-02-05,6
E035,2026-02-05,4
E036,2026-02-05,6
E037,2026-02-05,3
E038,2026-02-05,5
E039,2026-02-05,4
E040,2026-02-05,6
E001,2026-02-06,3
E002,2026-02-06,3
E003,2026-02-06,5
E004,2026-02-06,7
E005,2026-02-06,3
E006,2026-02-06,6
E007,2026-02-06,3
E008,2026-02-06,4
E009,2026-02-06,3
E010,2026-02-06,7
E011,2026-02-06,5
E012,2026-02-06,5
E013,2026-02-06,0
E014,2026-02-06,4
E015,2026-02-06,8
E016,2026-02-06,7
E017,2026-02-06,3
E018,2026-02-06,2
E019,2026-02-06,2
E020,2026-02-06,5
E021,2026-02-06,3
E022,2026-02-06,5
E023,2026-02-06,6
E024,2026-02-06,7
E025,2026-02-06,7
E026,2026-02-06,5
E027,2026-02-06,4
E028,2026-02-06,4
E029,2026-02-06,6
E030,2026-02-06,6
E031,2026-02-06,6
E032,2026-02-06,5
E033,2026-02-06,7
E034,2026-02-06,5
E035,2026-02-06,3
E036,2026-02-06,6
E037,2026-02-06,3
E038,2026-02-06,4
E039,2026-02-06,3
E040,2026-02-06,4
E001,2026-02-07,1
E002,2026-02-07,0
E003,2026-02-07,1
E004,2026-02-07,0
E005,2026-02-07,1
E006,2026-02-07,3
E007,2026-02-07,0
E008,2026-02-07,0
E009,2026-02-07,0
E010,2026-02-07,1
E011,2026-02-07,1
E012,2026-02-07,0
E013,2026-02-07,0
E014,2026-02-07,0
E015,2026-02-07,0
E016,2026-02-07,0
E017,2026-02-07,1
E018,2026-02-07,0
E019,2026-02-07,1
E020,2026-02-07,0
E021,2026-02-07,2
E022,2026-02-07,0
E023,2026-02-07,0
E024,2026-02-07,0
E025,2026-02-07,1
E026,2026-02-07,2
E027,2026-02-07,0
E028,2026-02-07,0
E029,2026-02-07,0
E030,2026-02-07,0
E031,2026-02-07,0
E032,2026-02-07,0
E033,2026-02-07,1
E034,2026-02-07,0
E035,2026-02-07,0
E036,2026-02-07,0
E037,2026-02-07,0
E038,2026-02-07,0
E039,2026-02-07,0
E040,2026-02-07,1
E001,2026-02-08,1
E002,2026-02-08,1
E003,2026-02-08,0
E004,2026-02-08,1
E005,2026-02-08,0
E006,2026-02-08,3
E007,2026-02-08,0
E008,2026-02-08,0
E009,2026-02-08,1
E010,2026-02-08,0
E011,2026-02-08,0
E012,2026-02-08,0
E013,2026-02-08,0
E014,2026-02-08,0
E015,2026-02-08,0
E016,2026-02-08,0
E017,2026-02-08,0
E018,2026-02-08,1
E019,2026-02-08,0
E020,2026-02-08,1
E021,2026-02-08,2
E022,2026-02-08,0
E023,2026-02-08,0
E024,2026-02-08,0
E025,2026-02-08,0
E026,2026-02-08,0
E027,2026-02-08,0
E028,2026-02-08,0
E029,2026-02-08,0
E030,2026-02-08,0
E031,2026-02-08,0
E032,2026-02-08,0
E033,2026-02-08,1
E034,2026-02-08,0
E035,2026-02-08,0
E036,2026-02-08,0
E037,2026-02-08,0
E038,2026-02-08,0
E039,2026-02-08,0
E040,2026-02-08,0
E001,2026-02-09,3
E002,2026-02-09,2
E003,2026-02-09,5
E004,2026-02-09,8
E005,2026-02-09,4
E006,2026-02-09,6
E007,2026-02-09,3
E008,2026-02-09,4
E009,2026-02-09,4
E010,2026-02-09,7
E011,2026-02-09,4
E012,2026-02-09,9
E013,2026-02-09,2
E014,2026-02-09,3
E015,2026-02-09,9
E016,2026-02-09,7
E017,2026-02-09,4
E018,2026-02-09,2
E019,2026-02-09,2
E020,2026-02-09,5
E021,2026-02-09,3
E022,2026-02-09,7
E023,2026-02-09,7
E024,2026-02-09,6
E025,2026-02-09,7
E026,2026-02-09,6
E027,2026-02-09,4
E028,2026-02-09,5
E029,2026-02-09,6
E030,2026-02-09,6
E031,2026-02-09,6
E032,2026-02-09,6
E033,2026-02-09,7
E034,2026-02-09,5
E035,2026-02-09,4
E036,2026-02-09,6
E037,2026-02-09,2
E038,2026-02-09,5
E039,2026-02-09,4
E040,2026-02-09,4
E001,2026-02-10,4
E002,2026-02-10,4
E003,2026-02-10,6
E004,2026-02-10,8
E005,2026-02-10,5
E006,2026-02-10,7
E007,2026-02-10,0
E008,2026-02-10,5
E009,2026-02-10,4
E010,2026-02-10,7
E011,2026-02-10,5
E012,2026-02-10,5
E013,2026-02-10,2
E014,2026-02-10,5
E015,2026-02-10,9
E016,2026-02-10,8
E017,2026-02-10,4
E018,2026-02-10,3
E019,2026-02-10,3
E020,2026-02-10,7
E021,2026-02-10,4
E022,2026-02-10,7
E023,2026-02-10,9
E024,2026-02-10,7
E025,2026-02-10,8
E026,2026-02-10,4
E027,2026-02-10,6
E028,2026-02-10,6
E029,2026-02-10,6
E030,2026-02-10,8
E031,2026-02-10,8
E032,2026-02-10,7
E033,2026-02-10,10
E034,2026-02-10,6
E035,2026-02-10,1
E036,2026-02-10,6
E037,2026-02-10,3
E038,2026-02-10,5
E039,2026-02-10,4
E040,2026-02-10,6
E001,2026-02-11,4
E002,2026-02-11,3
E003,2026-02-11,5
E004,2026-02-11,8
E005,2026-02-11,5
E006,2026-02-11,4
E007,2026-02-11,4
E008,2026-02-11,4
E009,2026-02-11,4
E010,2026-02-11,8
E011,2026-02-11,5
E012,2026-02-11,6
E013,2026-02-11,2
E014,2026-02-11,2
E015,2026-02-11,9
E016,2026-02-11,8
E017,2026-02-11,5
E018,2026-02-11,3
E019,2026-02-11,2
E020,2026-02-11,5
E021,2026-02-11,5
E022,2026-02-11,6
E023,2026-02-11,8
E024,2026-02-11,7
E025,2026-02-11,8
E026,2026-02-11,6
E027,2026-02-11,5
E028,2026-02-11,6
E029,2026-02-11,7
E030,2026-02-11,8
E031,2026-02-11,8
E032,2026-02-11,7
E033,2026-02-11,7
E034,2026-02-11,6
E035,2026-02-11,5
E036,2026-02-11,5
E037,2026-02-11,3
E038,2026-02-11,5
E039,2026-02-11,7
E040,2026-02-11,6
E001,2026-02-12,3
E002,2026-02-12,4
E003,2026-02-12,5
E004,2026-02-12,7
E005,2026-02-12,5
E006,2026-02-12,6
E007,2026-02-12,3
E008,2026-02-12,4
E009,2026-02-12,3
E010,2026-02-12,8
E011,2026-02-12,6
E012,2026-02-12,6
E013,2026-02-12,2
E014,2026-02-12,4
E015,2026-02-12,8
E016,2026-02-12,8
E017,2026-02-12,4
E018,2026-02-12,3
E019,2026-02-12,2
E020,2026-02-12,5
E021,2026-02-12,4
E022,2026-02-12,7
E023,2026-02-12,7
E024,2026-02-12,7
E025,2026-02-12,8
E026,2026-02-12,6
E027,2026-02-12,4
E028,2026-02-12,6
E029,2026-02-12,6
E030,2026-02-12,2
E031,2026-02-12,8
E032,2026-02-12,6
E033,2026-02-12,8
E034,2026-02-12,6
E035,2026-02-12,4
E036,2026-02-12,6
E037,2026-02-12,3
E038,2026-02-12,8
E039,2026-02-12,4
E040,2026-02-12,6